,time_0,time_1,time_2,time_3,time_4,time_5,time_6,time_7,time_8,time_9,time_10,time_11,time_12,time_13,time_14,time_15,time_16,time_17,time_18,time_19,time_20,time_21,time_22,time_23,time_24,time_25,time_26,time_27,time_28,time_29,time_30,time_31,time_32,time_33,time_34,time_35,time_36,time_37,time_38,time_39,time_40,time_41,time_42,time_43,time_44,time_45,time_46,time_47,time_48,time_49,time_50,time_51,time_52,time_53,time_54,time_55,time_56,time_57,time_58,time_59,time_60,time_61,time_62,time_63,time_64,time_65,time_66,time_67,time_68,time_69,time_70,time_71,time_72,time_73,time_74,time_75,time_76,time_77,time_78,time_79,time_80,time_81,time_82,time_83,time_84,time_85,time_86,time_87,time_88,time_89,time_90,time_91,time_92,time_93,time_94,time_95,time_96,time_97,time_98,time_99,time_100,time_101,time_102,time_103,time_104,time_105,time_106,time_107,time_108,time_109,time_110,time_111,time_112,time_113,time_114,time_115,time_116,time_117,time_118,time_119,time_120,time_121,time_122,time_123,time_124,time_125,time_126,time_127,time_128,time_129,time_130,time_131,time_132,time_133,time_134,time_135,time_136,time_137,time_138,time_139,time_140,time_141,time_142,time_143,time_144,time_145,time_146,time_147,time_148,time_149,time_150,time_151,time_152,time_153,time_154,time_155,time_156,time_157,time_158,time_159,time_160,time_161,time_162,time_163,time_164,time_165,time_166,time_167,time_168,time_169,time_170,time_171,time_172,time_173,time_174,time_175,time_176,time_177,time_178,time_179,time_180,time_181,time_182,time_183,time_184,time_185,time_186,time_187,time_188,time_189,time_190,time_191,time_192,time_193,time_194,time_195,time_196,time_197,time_198,time_199,time_200,time_201,time_202,time_203,time_204,time_205,time_206,time_207,time_208,time_209,time_210,time_211,time_212,time_213,time_214,time_215,time_216,time_217,time_218,time_219,time_220,time_221,time_222,time_223,time_224,time_225,time_226,time_227,time_228,time_229,time_230,time_231,time_232,time_233,time_234,time_235,time_236,time_237
-5.0,1.30116,1.81857,14.76795,0.0,2.94868,0.0,2.25601,0.0,0.0,2.16359,0.83958,4.26576,0.35341,0.0,0.47206,0.06613,0.0,0.0,0.15968,0.0,20.90722,4.03491,0.0,0.0,0.04985,0.0,0.09859,31.29718,0.0,0.0,0.0,0.0,0.0,1.03078,0.51664,0.0,0.0,0.0,0.84881,0.0,0.0,3.13705,0.0,4.71365,1.45987,0.0,0.0,12.12313,0.0,0.0,0.0,0.0,0.0,28.16052,0.0,0.0,0.5949,0.0,4.02376,0.0,1.13911,1.05126,0.0,2.34249,0.0,0.0,9.48617,0.36776,0.08461,0.0,0.0,0.0,0.0,0.0,0.65283,0.2993,0.0,2.35795,0.0,0.0,2.89488,0.0,0.0,33.43284,4.0089,0.0,15.29601,0.0,0.31124,0.0,0.0,13.00064,0.0,0.49243,0.0,0.0,0.0,2.12037,0.422,7.01259,0.0,0.0,0.0,11.60419,0.0,0.0,0.0,3.506,0.57396,19.22326,0.0,9.29651,0.0,0.0,0.0,0.0,3.86228,0.0,0.0,0.0,0.0,1.76989,0.0,0.0,0.0,0.0,0.0,0.0,2.55088,1.02679,7.91773,0.0,0.0,20.43689,0.0,10.67951,1.15581,3.29173,6.28017,0.0,12.12273,1.40865,4.99912,14.14665,2.41675,0.41034,0.0,0.0,2.67003,0.0,0.0,0.58098,0.0,0.0,0.27892,0.0,0.0,0.0,1.49076,2.60082,3.74502,0.62892,0.0,0.0,0.0,0.25588,0.0,1.21393,0.0,0.0,5.25514,4.89323,5.48447,0.0,0.0,0.0,0.0,1.68089,1.40435,6.56091,4.25073,0.0,0.45228,0.0,0.0,0.00024,1.04535,0.0,0.0,0.0,0.0,0.0,0.0,0.0,0.00128,0.0,0.0,0.0,0.0,1.67032,19.21806,0.0,0.0,0.0,0.0,0.0,0.0,0.0,0.0,5.92358,0.0,0.0,0.0,0.0,0.0,0.0,0.07237,0.0,1.19397,0.0,0.60361,0.88323,6.80208,1.21316,0.0,0.0,0.00307,6.87037,0.70532,0.0,4.26728,22.08118,0.0,0.0,0.0,0.0,0.0,19.66034
-4.75,2.77963,1.47918,15.46324,0.0,2.94868,0.0,2.25601,1.66748,0.0,2.16359,0.83958,4.26577,0.35341,0.0,0.88228,0.06613,0.0,11.49913,0.15969,0.0,20.90722,13.55919,0.0,0.0,0.04985,0.0,0.09859,31.29718,0.0,0.0,0.0,0.0,0.0,1.03078,0.56576,0.0,0.0,0.0,0.98165,0.0,0.0,3.13706,0.0,4.71365,3.20264,0.0,0.61257,12.12313,0.0,0.0,0.0,0.0,0.0,28.42519,0.0,0.0,0.46345,0.0,4.02376,0.0,0.76123,1.05126,0.0,2.3425,1.29956,0.0,9.48617,0.36776,0.08461,0.0,0.0,0.0,0.0,0.0,0.88357,0.2993,0.0,2.35795,0.0,1.04034,2.89488,0.0,5.69076,34.47856,4.0089,0.0,15.29601,0.0,0.31124,0.0,0.0,13.02052,0.64766,0.49243,0.0,0.0,0.0,2.12037,0.422,7.01259,0.0,0.0,0.0,11.60419,0.0,0.0,0.0,4.41539,0.57396,19.22326,0.0,9.29651,0.0,0.0,0.0,3.19869,3.86228,0.0,0.0,0.0,0.0,2.01475,0.0,0.0,0.0,0.0,0.0,0.0,2.55088,0.81928,8.1319,0.0,0.0,20.43689,0.0,10.93228,1.02484,3.29173,6.28017,0.0,12.12273,1.55125,4.99912,19.21471,2.41675,0.41034,0.0,0.0,4.00799,0.0,0.0,0.58098,0.0,0.0,0.27892,0.0,0.0,0.0,1.49076,2.60083,3.74502,0.62892,0.0,0.0,0.0,0.25588,0.0,1.21402,0.0,0.0,5.25514,4.89323,5.48447,0.0,0.0,0.0,0.0,2.61456,1.40435,6.82277,4.25073,0.0,0.45229,0.0,0.0,0.00024,1.04535,0.0,0.0,0.0,0.29883,0.0,0.0,0.0,0.00135,0.0,0.0,0.0,0.0,2.07936,14.78681,0.0,0.0,0.0,0.0,0.0,0.0,0.0,0.0,5.92358,0.84239,25.92509,0.0,0.0,0.0,0.0,0.18594,0.0,1.19397,0.0,0.60361,0.88323,6.80208,1.22328,0.0,0.0,0.00307,6.87038,0.70533,0.0,4.26729,7.89345,0.0,0.31139,0.0,0.0,0.0,19.66037
-4.5,2.84093,1.48568,15.46324,10.25882,1.66352,0.0,2.25601,1.66748,0.0,2.16359,0.83958,3.49653,0.35341,0.0,0.88229,0.06613,0.0,11.49913,0.15969,0.0,20.90722,13.55919,0.0,0.0,0.04985,0.0,0.09859,31.29719,0.0,0.0,0.0,0.0,0.0,1.38785,0.56576,0.0,0.0,0.0,1.16413,0.0,0.0,3.13707,0.0,3.05198,3.20264,3.03128,0.48416,12.12313,8.7685,0.0,0.0,0.0,0.0,28.42519,0.0,0.0,0.63049,0.0,4.02376,0.0,0.76123,0.55928,0.0,2.3425,1.29956,0.0,9.48617,0.36776,0.08462,0.0,0.0,0.0,0.0,0.0,0.89944,0.32509,0.3638,2.35795,0.0,1.04038,2.8949,0.0,5.69076,35.66395,4.0089,1.55418,15.29601,0.0,0.78162,0.0,0.0,13.02052,0.64766,0.49243,0.0,0.0,0.0,5.73027,1.32977,7.0126,3.29524,0.0,0.0,11.6042,0.0,0.0,0.0,4.41539,0.57396,19.2233,0.0,9.29651,0.0,0.0,0.64083,3.56669,3.8623,0.0,0.0,0.0,0.0,2.53628,0.0,0.0,0.0,0.0,0.00156,0.0,1.91543,0.66626,8.50553,87.92555,0.0,20.4369,0.0,10.9323,1.02485,3.29173,6.28017,0.0,6.13245,1.61649,5.04627,19.3353,2.41675,1.55007,0.0,0.0,4.00799,0.0,0.0,0.58098,0.0,0.0,0.27898,0.0,14.63145,0.0,1.49077,2.36984,3.74503,0.33065,0.0,0.0,0.0,0.25589,0.52059,1.21402,1.23738,0.0,5.49446,5.83995,5.48447,0.34747,0.0,20.603,0.0,2.61456,1.40435,6.82277,4.25073,0.0,0.61208,0.0,1.11445,0.29027,1.04535,0.0,0.0,0.0,0.29883,0.49874,0.0,0.0,13.78714,0.0,0.0,0.0,4.5458,1.70148,14.81417,0.0,0.0,0.0,0.0,0.0,0.0,0.0,0.0,6.01992,0.84239,25.92509,0.0,0.0,0.0,0.0,0.18595,0.0,1.19397,0.0,0.61056,0.88323,6.80208,1.26662,0.0,0.0,0.00307,6.87038,1.05669,0.0,4.45793,7.89345,0.0,2.04761,0.0,0.0,0.0,19.66037
-4.25,1.932,1.36204,15.46326,10.25882,1.66352,0.0,1.13834,2.2104,1.73589,2.16359,1.00921,3.49653,0.367,0.0,1.17595,0.06613,0.0,11.49913,0.15969,0.0,20.90722,13.5797,0.0,0.0,0.04985,0.0,0.09859,31.29719,0.0,0.0,0.0,0.0,0.0,1.38785,1.02771,0.0,0.0,0.0,1.21465,0.0,0.0,3.72026,3.20716,2.75006,2.86362,13.63287,1.39927,12.12313,8.7685,0.36572,0.06287,0.0,0.0,28.42519,0.0,0.0,0.72169,0.0,4.02376,1.64645,0.78296,0.55928,0.0,2.3425,1.29956,0.0,4.82221,0.36776,0.31509,2.59411,0.0,0.0,0.0,0.0,0.90193,0.32509,0.3638,2.35795,0.0,1.04038,2.8949,0.0,6.47634,36.15624,4.0089,0.99901,15.43456,0.0,0.7665,0.0,0.0,10.83914,0.64766,0.49243,0.0,0.0,0.0,5.62009,1.32977,5.03666,3.29525,0.0,0.0,12.07252,1.75657,0.0,0.0,4.41539,6.73989,19.2233,0.0,9.29651,0.0,0.0,8.00049,3.56669,2.84199,0.0,0.73024,0.0,0.0,2.53629,0.0,0.0,0.14729,0.0,0.00157,0.0,1.91543,0.66626,10.73933,87.92564,0.0,20.77835,2.43758,10.17708,1.05107,2.21658,6.28018,0.0,6.13245,1.74231,4.01446,19.70115,1.98215,1.56554,0.0,0.0,3.39302,0.0,0.0,0.58098,0.0,2.94434,1.72842,0.0,14.63145,19.49639,1.49077,2.36985,3.74503,0.33065,3.43133,0.0,0.0,0.2559,0.52059,1.17225,2.33979,0.0,5.8946,5.83995,3.68965,0.34747,2.29906,20.603,0.0831,2.61456,0.73137,6.82277,4.25073,0.0,0.81973,0.0,1.11445,0.46389,1.04536,0.0,8.45276,0.0,0.42787,0.38471,0.0,0.0,13.78716,0.0,0.0,0.0,5.28123,1.7585,14.81417,33.22325,0.0,0.0,0.0,0.0,0.0,0.0,0.0,6.04406,0.84239,25.92509,0.0,3.48798,0.0,0.0,0.18595,0.0,1.19397,11.47102,0.61056,7.25926,6.80208,1.26663,0.0,0.0,0.30697,6.87038,1.36969,0.0,4.45793,7.89345,0.54563,2.04761,0.0,0.0,0.0,19.66039
-4.0,1.90044,1.38017,16.57876,6.89563,1.66352,0.0,1.13834,2.2104,1.73589,2.16359,4.09989,3.55071,0.38519,0.0,1.0754,4.12047,0.0,11.49913,0.15969,17.60046,20.90722,13.5797,0.0,0.0,0.04985,0.0,0.09859,31.29719,0.0,0.0,0.0,0.0,22.96819,1.38786,1.22286,0.0,0.0,1.12288,1.54448,0.0,0.0,3.79072,5.38738,2.62067,3.3572,13.63289,2.26307,8.63608,5.14666,0.34379,0.06287,0.0,0.0,28.4252,32.27937,16.57133,0.63806,9.13509,2.54994,1.64646,0.78296,0.55928,0.0,2.34252,1.29956,0.43164,4.82221,0.36776,0.31509,2.59411,0.0,0.0,0.0,25.52377,1.01017,0.32509,0.3638,2.35795,0.09504,1.18586,3.37817,0.0,9.54546,36.83754,4.0089,2.07508,15.4346,0.0,0.7665,0.64044,0.09155,10.83914,0.64766,0.49243,65.40566,0.0,0.0,5.62009,2.38023,5.03668,2.86562,0.0,0.0,12.41647,1.75657,0.0,0.0,4.41551,7.72588,20.13483,0.0,9.29651,0.0,0.0,5.68964,3.5667,2.06635,0.0,0.44527,0.0,0.0,3.00784,0.0,0.0,0.42036,8.59918,0.00204,0.0,1.48639,0.66626,10.73938,87.92574,0.0,16.30757,2.43758,11.52934,1.05107,2.21665,3.12657,0.0,6.13246,1.85582,4.10924,19.70116,1.98215,1.57366,0.0,0.0,3.97679,2.54363,5.43048,0.58098,0.0,3.11796,1.72845,0.0,17.23982,21.77367,2.19083,3.30372,3.7756,2.65758,3.43133,0.0,0.0,1.09625,0.5206,1.17225,2.35285,0.0,5.9956,3.92233,2.00276,0.34747,2.29906,42.64713,0.0831,2.61456,0.73138,37.17276,4.25073,0.0,0.81973,0.0,1.11447,0.46389,1.04536,0.0,8.31199,0.0,0.42787,0.38471,0.0,0.26388,13.78723,0.0,0.0,0.0,5.28128,1.55322,11.85247,33.22325,0.0,0.0,0.0,0.0,10.03065,0.0,0.0,7.09982,0.84239,25.92509,47.86606,3.09879,0.07756,0.0,0.18596,0.0,1.19397,11.5111,0.61057,5.47733,8.5047,1.27998,0.0,0.0,0.30699,6.87038,1.95757,0.0,4.45793,6.14241,0.54563,2.04762,0.0,0.0,0.0,19.66041
-3.75,1.90555,1.25406,9.77139,6.96904,1.47361,0.0,1.13834,2.2554,1.73589,2.16359,3.50084,3.57224,0.38519,0.0,1.0754,4.12047,0.0,11.49913,0.15969,17.60046,20.90723,13.5797,0.0,0.0,0.04985,0.0,0.09859,31.29719,0.0,0.0,0.0,0.0,34.86037,1.1117,1.48294,0.0,44.47366,1.20412,2.47611,0.0,0.0,3.22327,5.38739,2.39092,3.3572,13.68963,2.48323,7.26696,5.14666,0.92213,0.06287,0.0,0.0,28.4252,32.27937,18.77499,0.77141,9.13509,2.54995,2.0833,0.78296,0.408,0.0,2.63614,0.67053,0.43166,7.33955,0.36776,0.34131,2.74517,0.0,0.0,0.0,20.42053,1.01017,0.70974,0.3638,2.35796,0.39407,1.27941,3.37818,0.0,5.68864,38.81177,4.0089,4.21235,8.02184,0.0,0.7665,0.64044,0.08921,6.51613,0.64767,0.29254,65.40567,3.96252,0.0,4.50912,1.85542,6.12113,2.1997,0.0,0.0,12.41647,1.75657,0.0,0.0,2.98447,5.83159,20.13483,0.0,9.29651,0.0,0.0,4.58777,3.56671,1.99568,0.0,0.79918,0.0,0.0,3.00785,0.0,0.0,0.83889,6.04342,15.00152,0.0,1.44831,0.73771,8.03547,87.92575,0.0,17.51046,2.91218,9.99709,1.26497,2.21665,3.39062,0.0,6.13246,2.15223,4.171,20.05387,8.11185,2.63076,0.0,28.21082,3.84768,1.81446,3.31157,1.4241,11.61901,3.11796,1.75054,0.0,15.29027,31.79607,2.17492,3.61748,3.86499,1.99328,3.43133,0.0,1.57882,1.09625,0.52061,1.39837,2.59146,0.0,6.22827,5.29077,2.01367,6.19672,2.29906,21.84242,0.0831,1.96545,0.73138,37.17276,3.47811,0.0,0.81974,1.30006,2.08437,0.34793,1.04536,0.0,8.31199,46.16025,0.42787,0.39545,0.0,1.64261,13.78723,0.0,0.0,0.0,6.14844,1.55764,11.85247,26.79661,19.80858,4.51393,2.26408,2.7084,10.03066,0.0,9.85679,7.09982,3.16746,25.92509,47.86606,3.09879,0.08785,0.0,0.18596,0.0,1.19397,11.30819,0.82404,5.47733,8.50471,1.27998,0.0,0.0,0.30699,6.87038,4.65852,9.83766,4.45793,4.18061,3.57591,5.41383,0.0,0.0,4.96339,19.66049
-3.5,1.69345,0.98807,9.77141,6.08439,3.41304,39.06697,0.79028,9.58274,1.73589,2.16359,3.50084,5.28582,7.23954,21.65257,1.09948,4.12047,0.0,11.49913,12.11394,88.86244,20.90723,13.5797,0.0,0.0,0.04985,0.0,0.20805,31.29719,44.83841,122.4434,7.69262,0.0,38.22315,2.16515,4.02397,2.03668,44.47379,1.20598,2.29896,0.0,0.0,3.10028,5.06933,2.24994,2.75592,27.39157,2.5818,6.81496,5.84304,3.54924,0.06287,1.22578,5.1068,28.4252,32.27937,9.38805,1.15042,7.12985,2.61416,2.12159,4.05336,0.408,0.0,4.7681,0.68936,0.43166,7.91149,0.36776,0.34131,3.59973,0.0,5.18032,0.0,15.34164,2.86075,4.30834,0.62081,11.63017,0.39407,2.85407,9.53834,0.0,5.68864,22.19425,4.0089,4.03713,8.50985,0.0,0.7665,0.64044,0.08921,6.14825,1.37047,0.29254,65.40567,29.16288,2.6013,4.90889,1.65772,6.12116,2.54402,0.0,6.90654,12.4165,1.75657,13.52461,0.0,6.32503,5.94601,20.13483,0.0,9.29651,0.0,0.0,5.53077,4.36868,1.99568,64.77006,4.27305,0.0,0.0,2.24045,8.43937,0.0,0.83889,4.9204,29.6311,0.0,1.44831,0.73772,7.96171,92.18932,15.36776,18.1413,2.2698,8.51527,1.75182,2.13578,5.0207,0.0,6.13246,2.15223,4.42682,20.05388,12.1324,2.93282,0.0,30.32483,5.51403,1.50527,1.69336,2.44823,6.59651,14.55443,1.77822,0.0,14.52906,22.62452,2.17493,3.65673,3.86499,1.99328,8.72366,0.0,1.35877,1.21652,0.54832,1.87261,3.99735,3.33124,6.2839,5.18008,2.19572,6.19672,2.6811,21.84242,0.08311,1.96547,0.73138,37.17276,5.03764,0.0,4.00926,1.30042,2.11505,0.46747,1.04536,0.0,8.31199,46.16026,1.57896,0.39547,0.0,1.67638,10.23612,0.0,0.0,5.3313,7.61445,1.55765,11.85247,27.31628,19.80858,4.51393,7.46431,2.70846,10.03066,0.0,7.63156,7.21826,2.11366,25.92509,47.86606,8.065,2.46453,0.0,1.09357,0.0,1.19397,7.8171,0.83126,5.47734,10.64131,10.78048,0.0,0.0,0.30699,6.87038,4.16121,10.99342,4.52841,3.62169,4.84085,4.42493,1.21762,11.30245,5.89862,19.66049
-3.25,1.60287,1.32998,9.77141,6.05116,2.78436,39.06697,1.97279,10.42283,1.73589,1.62747,3.50084,5.20637,7.25272,21.65257,1.09948,4.15487,2.96991,11.49913,12.11394,66.92482,20.90723,13.5797,0.0,0.06723,1.82731,0.0,0.20805,31.44025,23.17637,122.44341,7.69262,0.0,22.44539,2.74649,3.89318,2.03668,44.47507,1.71566,2.38097,22.10595,0.0,2.56213,4.2435,1.73202,2.79564,27.39158,2.58181,6.84265,4.7382,6.11473,0.06287,3.11745,3.78637,19.66103,40.4271,9.39129,1.33393,4.68056,2.05532,2.1216,4.05336,1.02724,0.0,4.7681,13.28954,0.71822,5.99927,11.68126,1.24018,2.85703,0.0,5.18037,0.0,13.02441,5.91766,3.27029,2.00198,10.05499,0.95682,2.15897,57.8073,1.73969,4.45565,23.44722,4.41072,3.56932,6.58944,0.0,1.27145,1.13729,0.08921,6.14825,1.50321,6.27515,65.40567,15.1919,2.75621,4.90891,2.84732,6.63262,1.95836,5.52996,6.90655,12.58758,33.48677,13.52461,26.65237,6.32503,6.73346,22.10033,0.0,44.35078,0.0,0.0,5.61657,4.36868,2.06311,36.28831,3.93434,94.77844,45.70428,2.24045,10.33136,0.0,1.82391,2.60752,29.63113,21.06556,2.03774,0.73772,7.3952,92.18942,15.48949,14.57744,2.20614,8.54783,1.62996,1.56339,5.63528,22.61802,6.89616,2.35002,4.52485,13.83016,12.1324,2.93956,0.0,59.23675,6.8762,1.50295,6.85324,2.16329,5.64222,15.09004,2.54237,40.50475,14.8556,18.26908,1.73841,3.65673,3.84328,1.99328,8.9193,0.0,1.38296,2.95634,0.61037,2.42266,4.1437,2.51366,7.01234,5.18008,2.22523,6.19672,2.6811,15.18165,0.08311,4.00374,0.54356,19.07642,3.42526,17.12358,3.3424,1.30042,2.25452,0.96857,0.5942,0.0,6.79131,40.21521,1.57897,0.53955,2.15232,1.67638,10.23613,29.51362,0.0,2.73438,8.68598,1.30121,10.8443,18.85546,19.80858,4.51393,7.46431,1.64389,9.98244,0.0,7.63156,9.61021,3.57995,26.07048,28.68431,8.06878,2.46453,0.0,1.09357,1.51058,0.93191,7.89755,0.77838,8.05716,10.64131,8.57618,9.0773,0.0,0.30705,4.06365,3.24653,12.96626,3.79583,5.97068,4.22185,5.75197,1.23721,11.30245,7.30252,12.62668
-3.0,1.53298,1.56265,10.32564,4.98518,2.89748,39.06697,2.0899,20.12307,9.64541,1.62747,3.24634,9.79117,7.25272,21.66303,1.76627,3.97414,2.00509,11.49913,10.64798,50.36332,20.90723,13.5797,24.08883,3.10556,1.82731,11.69211,7.75502,15.67671,23.75942,122.44341,7.69262,2.63234,22.67675,2.46217,4.83308,12.28859,49.037,1.80285,2.61202,14.9762,0.0,1.92785,3.90604,1.59668,2.85212,20.76621,2.39422,7.03661,7.59029,4.98189,0.06287,2.72473,11.96429,10.0673,40.42711,9.4061,1.68045,3.95067,2.08639,2.07871,4.38463,1.98146,0.0,4.76811,13.31859,0.71825,5.99927,8.91511,1.33748,2.20461,0.0,5.18041,6.23173,9.41279,4.80593,3.17989,2.02799,8.40402,13.29703,7.44549,57.8073,1.73969,3.56453,24.53822,4.60834,3.09867,3.89923,0.0,1.17872,9.78456,0.08921,6.07756,2.87827,7.08448,65.40568,15.27018,2.75624,3.95786,3.2002,6.20216,1.7334,10.76439,6.90657,12.5876,33.48677,8.41739,26.65237,6.92957,5.95044,19.749,10.4848,44.35078,0.0,18.80795,5.29155,4.36868,2.2263,38.71012,4.04342,94.77844,32.89194,2.00346,10.20367,0.0,2.66363,2.47198,29.6312,21.06567,2.36317,3.46497,7.88715,95.07733,16.93863,13.5655,2.21265,5.51784,1.6643,1.99645,5.83912,27.271,6.00193,3.32929,4.59127,13.25428,10.66161,2.95717,35.633,60.86416,6.29653,2.50334,6.89241,3.42958,5.67148,15.09006,2.98451,30.78434,12.79651,19.40411,2.13276,3.30063,7.37071,4.83198,7.31124,9.33173,1.46132,2.95639,3.07085,2.76775,13.57493,1.91632,5.36611,6.47019,2.24808,3.25926,2.6811,14.21692,0.08311,9.93079,5.63956,13.46271,3.01439,20.80503,2.82519,1.33761,3.1441,0.99593,0.40115,0.01725,5.37108,40.21521,1.57897,1.40609,3.4992,9.90997,9.32114,21.78479,0.0,2.79988,8.61923,1.95666,8.5307,16.1671,8.60516,2.79992,11.79268,1.88541,10.12601,17.37572,7.63156,7.70299,3.66448,26.07048,30.86551,8.06878,2.46453,11.21869,3.87127,1.51058,0.93191,6.0458,0.74219,6.47259,9.40393,9.61325,9.0773,0.0,0.30705,2.60578,3.24653,14.79591,4.79937,8.67023,4.73449,4.57544,3.70611,15.57139,6.65542,10.39998
-2.75,1.67986,1.23278,7.81343,4.63973,2.78021,39.06697,6.39252,20.18076,5.66661,2.74781,3.28471,12.69221,6.13045,20.98839,5.60471,9.54443,2.00509,11.49913,10.64798,43.10589,33.43898,13.41464,24.08883,3.10556,26.56911,10.88022,7.75502,15.67671,24.84725,122.44341,13.08244,2.63234,23.73107,2.68631,4.64283,13.6701,52.68157,1.99426,2.43887,9.80384,0.0,1.79197,3.95292,1.37427,3.08189,17.53609,3.34725,7.03662,4.65703,5.64114,0.39571,2.53245,14.95255,7.69548,40.42711,10.6033,1.77242,3.38614,1.75058,3.87019,9.0374,9.15371,1.5493,11.34984,7.47168,0.5042,6.04341,13.6762,1.42856,2.18135,0.0,24.32031,16.79829,9.50429,4.32172,9.02684,2.35679,8.58889,13.29703,7.44549,57.8073,24.42016,3.56796,18.2645,6.58016,2.35936,3.90554,0.0,1.17873,14.15156,0.08922,4.91606,2.84495,7.12314,61.40913,17.85838,2.75624,3.59389,3.79802,4.35177,1.80251,10.81057,6.19607,9.15951,27.64009,8.66072,26.65237,6.11302,4.93079,19.749,7.88368,44.35078,0.48489,10.61547,4.3697,4.81713,2.40793,38.71012,4.96456,85.904,32.99456,2.22633,18.82816,9.25733,5.87956,3.86984,32.04596,21.0657,3.45088,3.06965,7.205,95.07741,17.24049,10.88333,2.24992,5.3361,3.50964,1.97191,4.73031,21.17991,4.87528,3.38502,4.30657,13.51909,10.67275,2.72853,35.633,60.86416,5.2085,3.16068,6.55276,3.51909,5.13754,15.88878,2.9819,44.8612,13.86466,15.75582,2.03229,2.82364,4.28002,3.32236,7.43524,9.33173,2.42919,2.9564,3.10307,2.25397,16.02077,2.17709,5.56592,7.03479,1.9507,3.07341,5.56713,14.29278,2.09085,9.83584,6.06569,8.33377,3.0144,15.80971,2.58247,1.33761,3.75885,1.40239,0.53412,2.51568,5.59068,30.6063,1.31557,1.40609,3.54331,9.95488,9.32115,18.50953,12.54322,5.41877,8.62801,1.78578,8.56331,24.41465,8.35411,5.74,10.63,1.88541,10.12601,17.37572,12.61982,7.71454,4.59787,16.95746,24.83695,9.321,1.85649,9.60567,10.62527,21.86813,0.93191,6.86604,0.67558,6.49046,9.68814,9.64697,5.36778,37.97765,0.30705,2.54425,3.19247,19.79745,4.55065,8.03893,7.01699,3.75379,5.41146,14.98713,4.60534,10.76934
-2.5,1.58808,1.17651,7.96091,6.64544,2.86881,39.06697,5.17194,20.21752,6.99745,2.74781,3.47539,11.83025,7.05939,21.05588,4.53347,9.0325,2.40796,15.00982,12.1705,43.10589,18.76377,13.41464,33.26584,20.56439,19.57381,10.90261,7.75502,15.67671,24.84725,122.44341,14.52433,7.79457,24.95087,2.78762,4.98207,6.86455,35.02558,1.93878,3.18978,7.34761,17.51462,1.90898,4.29577,1.54857,2.58064,18.76106,2.80208,8.22239,6.48229,8.70902,0.60827,3.66095,15.04885,6.99948,33.59912,9.07087,2.04284,3.00323,1.78588,3.88947,6.65595,9.22605,4.5531,9.5895,10.68322,2.12341,17.55761,12.24828,3.13732,2.70797,0.83038,29.62684,16.79837,8.91478,3.7305,6.71057,2.44235,7.96042,11.27647,7.5266,31.18206,22.43536,14.40547,18.92089,5.02512,2.40798,3.19155,0.0,1.17873,15.94205,0.25277,4.93528,4.57594,5.75862,61.40913,18.04388,11.5657,2.95187,3.6766,4.78461,2.19111,12.76374,6.51657,11.79147,21.89138,8.66073,26.65237,6.16906,4.37537,15.09895,36.18147,35.54739,22.81347,7.77902,4.63926,4.81713,2.17526,88.36845,3.97546,50.99428,29.64894,2.24186,18.84154,10.45385,5.29071,4.41579,32.04596,11.65229,3.61642,3.14509,6.89944,100.32475,9.09393,10.95155,2.31708,5.68536,5.08761,2.07196,5.75839,20.38756,3.8322,3.17226,5.46784,14.47874,8.41097,2.63532,35.633,62.30285,5.35632,3.23837,6.41273,3.53362,6.1043,16.02633,2.32075,32.29238,14.08914,16.78414,3.33964,2.9406,4.61704,3.80411,7.64637,10.23353,2.57248,7.36338,3.36172,2.20606,14.02565,3.41716,6.83626,4.76174,1.51498,4.72637,5.66609,20.7728,2.74554,8.10565,6.2301,6.88795,3.01441,15.22134,2.85143,1.33761,3.85692,2.07453,1.39494,4.97401,7.63042,30.6063,1.69439,2.92116,5.18123,5.42524,9.32117,18.65207,11.68728,3.69259,7.936,1.87044,8.8588,30.67447,8.64862,5.75799,13.78502,5.96985,13.90281,17.3758,13.76893,9.54177,3.69007,14.20635,18.5945,9.321,2.04953,11.71064,16.73082,21.62577,5.91629,6.86604,0.82804,4.2498,10.29539,8.84295,6.46752,32.37052,4.58919,3.07461,2.85372,20.18685,4.08705,6.2989,9.42238,3.96926,6.35322,13.34011,4.9798,11.43379
-2.25,1.92744,1.94507,7.96091,9.1326,5.30893,26.8243,5.03002,17.50298,8.27747,4.44358,6.35986,12.58738,8.16944,21.73356,5.2552,8.32734,7.21784,32.41553,23.63924,38.18607,18.46568,10.68332,45.44416,21.4126,14.09189,13.18178,6.26086,33.94138,30.79568,122.44341,13.15879,11.85868,20.92014,2.53491,4.98317,4.96676,38.48934,1.91584,3.0438,6.80997,17.28872,1.98239,4.04327,1.95727,2.1558,12.80683,2.77218,8.1074,5.49925,8.97834,7.0227,3.15712,17.71803,6.20293,17.66406,6.15284,2.09691,3.00039,2.46259,6.32415,6.24734,9.41244,6.23938,7.97075,11.42612,7.12248,16.8334,11.67158,3.49063,2.53231,16.37325,22.22322,18.11896,7.99231,3.42203,7.44383,3.57004,7.09732,9.57941,5.66904,25.5907,23.70021,14.43061,15.84275,7.3761,2.87854,2.48576,8.2763,2.82322,13.15899,3.65735,4.92206,3.78863,11.29967,81.09459,18.60064,19.16764,2.60118,3.17605,4.82116,2.53275,13.27197,9.53814,16.09642,19.74475,17.51599,37.91155,6.69952,3.84404,13.07786,62.20247,28.44884,27.89751,9.91465,4.76443,4.72295,11.89951,65.04049,4.49125,57.92738,29.76568,7.26391,15.24886,7.42239,4.44327,4.59678,29.17053,12.28382,3.49005,4.01306,7.50259,100.39314,10.45437,11.39212,3.69785,5.42693,5.21165,3.06949,6.13321,17.5831,5.2003,2.4276,3.99038,15.16914,6.63798,2.64298,6.47614,62.3029,4.48319,3.85705,6.45294,2.94395,6.23352,17.03173,2.40547,23.4131,14.24864,17.50576,3.46538,2.72806,5.31615,4.65503,6.77456,21.22315,4.21502,5.50921,3.4289,2.00502,12.40679,3.12037,8.2118,4.97147,1.37363,3.74448,5.02938,17.28247,3.45718,7.43395,5.88308,4.88668,3.20288,12.46928,3.40544,1.24646,4.33708,2.0408,1.58226,6.3673,7.48327,19.91523,1.94811,2.76453,4.25549,4.74925,9.32117,20.28995,12.88324,5.10103,7.58686,2.08946,8.21333,23.38929,7.61916,4.33489,15.50758,8.26298,9.28064,10.19437,11.97019,9.66417,5.73974,16.86977,23.39949,9.321,4.72316,9.10655,14.84632,22.90621,11.07072,5.70716,1.17898,4.33753,9.9058,7.52649,5.73594,22.35913,2.84405,3.31231,2.6109,15.74528,4.65592,5.69568,7.99311,3.52306,5.4912,17.60693,6.34924,11.64055
-2.0,2.6467,2.17639,6.07884,9.8193,5.28805,15.82765,5.32833,17.5197,6.39498,3.72294,5.35749,11.00964,9.43189,18.12017,5.01135,8.32734,6.95747,28.46511,21.36822,26.81078,14.97762,9.39943,45.44417,26.86337,19.86985,13.28276,5.32281,25.53067,46.77951,57.79413,13.08618,9.2527,18.22825,3.42877,4.99431,6.21059,40.23941,2.03944,2.85126,6.36693,14.36495,2.30205,3.64393,1.72549,2.10165,11.49529,2.72175,6.84947,5.46279,6.97217,28.55377,3.84503,11.19493,6.33567,14.51979,9.34135,1.8486,2.67785,3.14855,7.72463,5.33275,13.097,5.93249,7.17001,10.01962,7.02866,17.94902,11.88012,3.43898,2.64869,11.25941,25.39987,13.61259,7.28285,3.44015,7.49785,4.17399,9.89717,10.21835,5.86847,20.8945,19.92528,9.09072,13.48533,6.58843,3.03308,3.05818,8.49729,4.98813,13.06489,8.53306,4.38844,4.83637,18.32363,36.57573,17.0934,15.34525,2.45965,3.98064,5.00016,2.89393,10.76037,12.43291,15.986,14.64262,13.23516,29.57057,6.69952,4.26066,13.04238,47.18376,23.66232,24.44019,12.09905,3.98412,6.49869,10.79341,43.24863,4.2436,78.4479,30.6478,9.87968,19.06142,9.92426,3.58366,4.38477,29.68141,17.65414,3.26203,3.59883,6.41854,51.96944,10.62455,9.86522,4.18908,4.24795,4.4669,3.9397,5.02323,17.78039,5.70507,2.58757,3.19087,13.03461,5.70426,2.53573,5.78156,36.98278,4.24637,3.40875,5.78555,3.33283,5.43838,14.46669,2.19783,20.50757,10.86414,13.91679,2.89244,3.73633,4.48986,3.87807,9.08153,13.02791,4.37191,5.66492,4.07069,2.57733,9.12696,2.87778,6.588,4.6608,1.3808,3.53997,6.95981,15.38387,5.8923,7.97779,5.5464,4.51705,3.32207,11.79977,3.6839,1.45115,4.39062,4.64796,2.01622,7.73635,6.47686,19.77993,3.44457,5.26213,5.38956,6.93538,6.21422,25.75959,14.93793,3.46301,6.44854,2.06164,6.47959,23.37762,5.49738,4.14916,15.69195,12.47564,21.35251,10.72365,13.80257,11.3732,5.89886,25.74256,19.49099,9.3427,10.53215,6.98467,14.00703,19.6231,11.72924,5.57311,1.18998,3.90264,8.2098,7.06492,5.41435,20.67981,3.06789,3.37329,2.45818,16.19822,4.15325,5.13428,7.24682,4.25316,6.26062,17.3581,5.15476,11.30871
-1.75,2.59203,2.46572,5.55002,8.69225,4.83525,39.4489,7.08006,13.10106,5.48208,6.84159,13.68875,12.05212,10.09949,18.93497,5.83341,9.65481,5.4089,22.82537,20.45174,21.88277,14.1955,7.59005,45.4468,19.86509,17.18052,25.67526,11.34773,20.2291,46.77951,83.22669,16.28067,9.57119,16.41671,3.37686,5.1851,5.46149,32.04676,2.05938,2.4248,5.36762,15.64003,2.31709,3.28982,1.54679,2.03017,10.80257,2.63678,5.20248,5.19778,7.08523,32.99784,3.24416,11.13203,6.19832,12.32258,9.93436,1.77036,3.23928,2.70266,8.32723,5.36965,11.65062,4.87492,10.35357,10.32895,7.31403,18.74203,11.1316,2.89561,2.86654,9.65259,24.12304,13.00788,6.22067,3.59473,6.99878,3.69871,9.07472,11.67082,8.10507,21.23909,19.96333,6.7208,6.5893,5.70137,3.19188,3.17378,10.882,9.23812,10.63299,8.88868,6.46493,8.11479,15.54099,29.3646,16.36792,14.32332,2.42399,4.25565,4.77275,2.84402,14.3308,12.43962,17.11943,13.02566,12.75597,24.90738,9.21787,4.11906,11.14654,47.18376,19.00148,20.12381,13.70598,4.2374,12.63599,10.52799,33.21392,4.06037,45.92915,32.36048,16.30224,14.33317,11.7212,3.69129,4.22704,24.73275,15.08501,2.82674,3.16864,6.06133,51.96951,12.52261,10.18292,3.7663,3.91764,5.38784,4.01691,4.29973,14.28131,4.60981,2.63358,3.10194,12.7792,7.6297,2.81558,6.0151,40.07889,4.37579,3.06869,4.93425,2.96274,5.08864,12.61994,3.18283,18.80528,11.81224,14.60432,3.17328,4.22696,4.27104,2.99587,11.04914,10.12876,4.16227,9.56009,5.3261,2.70429,7.66648,2.81157,6.8091,4.58412,1.57175,4.06057,7.17699,16.3545,5.77417,10.26028,5.9653,5.3708,3.87552,12.93775,3.24851,1.70869,4.31733,5.32563,3.91477,8.05214,5.09267,14.71453,3.31527,5.50929,5.51997,7.33769,5.32651,24.8262,11.91942,3.75878,6.24371,2.08294,5.98368,20.09154,16.75184,3.18378,12.8747,16.80148,20.53277,6.76639,10.83728,9.69454,6.78388,21.20308,16.2928,7.25044,9.08855,6.84222,11.47433,15.07835,13.7659,6.79888,2.0956,4.60965,7.67759,5.88421,5.74665,19.94652,3.35087,2.90658,2.22885,20.4996,3.87697,4.45259,7.22375,5.94901,7.76597,15.97813,5.59205,11.98339
-1.5,2.61467,2.47042,5.70084,8.09873,4.35327,29.48521,6.69174,10.58147,6.84593,5.24989,10.84841,11.93451,12.37634,18.06869,6.08527,9.31102,7.975,18.20866,18.82366,20.63312,15.14334,7.29833,32.51513,18.83465,16.24792,21.17244,17.22554,20.54173,39.48895,61.71301,18.22451,6.8752,16.09761,3.24236,4.41547,4.56176,32.81653,3.12326,2.56612,5.02766,15.35428,2.0692,3.36827,1.52035,2.00832,9.96219,2.63979,4.18336,4.87063,8.07854,20.47643,4.12569,10.96632,6.65067,11.38425,9.60932,1.95491,3.0359,2.67397,7.50658,5.7861,9.6236,6.3312,9.79738,7.42969,5.49192,15.0442,11.08986,3.14304,3.00197,9.46349,21.21621,14.12198,7.78765,3.25032,6.91763,5.62019,9.18169,9.95226,7.2695,17.06302,20.85663,5.72815,6.10736,4.668,2.9552,2.76021,16.93861,10.34727,10.03,10.52178,5.93934,5.9285,13.50053,24.20749,13.88701,15.02147,2.39219,4.0469,4.5684,3.17314,15.5724,11.69664,12.15573,14.88989,14.32109,20.52182,11.39929,4.74178,9.75304,36.79871,13.27384,21.64989,15.94714,4.31924,15.98118,9.77682,22.77801,4.59962,29.72556,25.2297,13.68505,12.58436,12.52201,3.56799,4.3032,16.41544,13.82349,3.08366,3.50055,5.69388,34.71654,12.99361,8.61306,3.63845,3.38914,5.14513,3.66206,3.77868,14.69155,4.56898,2.51417,2.69907,11.85209,5.79171,2.79274,5.6736,40.07892,3.88588,3.35897,4.65996,2.95579,4.71358,10.83104,3.04728,11.15727,11.68847,12.11296,2.79015,3.32575,4.156,2.61957,8.2343,12.18908,4.51807,14.77248,5.48334,2.69117,6.75744,2.64425,5.08135,5.09875,2.46331,3.73992,7.01593,14.08566,7.74767,10.20505,5.65344,5.69603,3.67554,11.99111,3.04747,3.15489,3.84471,4.29142,4.09237,7.18371,5.14393,11.39321,3.30071,5.17871,7.12413,7.41588,4.92529,23.64178,12.44311,3.65653,5.66452,2.33657,5.60796,18.90462,14.52291,3.70337,15.39212,15.96263,18.45845,10.98265,9.23311,7.21233,7.86137,26.14566,13.30157,8.04978,7.97573,6.53936,9.45246,11.11727,13.14176,8.36537,2.85993,6.9615,7.22935,5.63405,5.22005,19.32545,3.733,3.11509,2.17803,15.62418,3.8054,4.53277,6.45407,5.3061,7.88289,13.11028,4.65697,10.25042
-1.25,2.7494,2.25711,4.46804,7.33234,4.18379,25.0261,7.4142,9.00844,6.76576,5.15924,10.8365,10.51111,10.62073,16.1943,6.42117,9.62795,7.15476,19.60355,17.66023,18.45217,17.93729,11.25196,28.76894,13.2726,16.057,20.36723,20.84247,19.60021,23.15434,47.21987,21.02374,8.94831,14.99621,3.15645,4.45195,4.24343,33.24552,3.03186,2.54841,3.876,12.16449,2.15518,3.03341,1.55366,2.05561,9.06409,2.60876,3.97625,4.7404,6.98223,18.06082,4.4498,10.03653,6.28465,10.70814,10.43892,1.8698,2.82666,3.35398,6.38154,6.12712,9.72037,6.498,9.30543,6.42357,6.30178,14.12896,10.04902,2.95603,2.83688,8.10081,23.04364,11.52143,7.75188,2.90859,6.78438,6.98169,9.4727,8.83343,5.66873,17.89763,16.33488,5.4145,4.87219,3.66378,2.77625,2.64255,19.34351,9.80678,8.58818,11.28565,5.47794,7.56681,11.51249,17.41965,12.06412,12.40826,2.28245,3.79487,3.76706,2.73986,10.55458,13.68037,11.3181,11.9257,16.41304,18.41558,11.44061,4.39143,10.55948,33.07963,12.72872,20.38465,15.87422,3.61583,12.96097,7.78045,18.28964,4.25181,22.89153,17.85607,13.44357,9.48433,10.84385,3.67102,3.97747,10.5972,12.44431,2.81287,3.3054,5.18244,19.4202,12.69071,6.15406,3.29956,2.98179,4.13364,3.27974,3.16517,16.17657,4.22609,2.1322,2.41921,11.60798,4.84892,2.58892,5.2776,22.10065,3.18644,2.77209,4.17102,2.70415,4.29456,10.75126,3.08788,10.62865,9.21966,14.89642,2.8314,3.1566,3.51417,2.74098,6.96328,10.48832,3.99355,12.51296,5.06501,2.55834,6.15029,2.58345,3.76422,4.73505,2.30214,3.48956,7.71127,13.13274,8.11174,8.66529,5.7125,5.24701,3.18976,10.97461,3.01255,4.17091,3.35863,3.99838,4.18928,6.60278,4.6164,9.99794,3.6517,4.54515,6.01487,6.90055,4.92532,20.10644,12.62438,3.30221,4.54115,2.18656,5.04473,15.00498,12.78296,3.4502,14.54629,16.08593,16.12989,11.05658,8.94893,6.9945,6.28997,25.40204,14.68118,15.1274,7.17938,6.94116,9.98756,14.33489,12.26504,10.30685,3.06212,6.97149,7.35221,4.6064,5.99796,15.22492,6.47749,3.30181,2.25637,12.18553,3.48414,4.49102,5.75354,5.37584,6.98783,11.23341,5.38086,8.65278
-1.0,2.72164,2.17985,5.40432,6.42396,3.8785,17.81559,6.81465,8.18343,6.90783,7.67454,9.94651,9.29392,9.4144,14.62071,5.68965,10.74004,6.97388,22.25969,13.4092,18.37671,17.47242,11.2032,27.22702,11.11927,12.65044,16.74923,20.69085,18.55861,22.31042,44.26507,18.77778,8.74558,12.04423,2.7868,4.31266,3.68175,25.88156,2.99759,2.46074,3.86896,10.76905,1.90651,2.53645,1.48926,2.02712,7.44295,2.17197,4.00963,4.15377,6.06719,13.33568,4.14938,9.98981,5.72601,9.07032,9.44532,1.78113,2.68409,2.86432,6.14636,6.25528,7.1678,8.11512,8.48116,5.41681,6.16432,13.19525,11.61336,2.85307,2.65391,6.8053,20.16818,10.28603,6.64897,2.94132,5.85516,5.91126,7.4129,7.99208,4.58845,17.47615,16.79418,4.70877,3.96795,3.4006,2.70697,2.17429,31.43129,8.52191,7.09449,8.44832,5.37727,7.44247,9.73662,13.69275,10.69362,11.98163,1.93817,3.39857,3.53006,2.75918,9.60526,10.84732,11.21174,10.16035,19.69315,25.6641,11.32117,4.22019,11.50077,25.7448,11.39354,16.4127,13.828,3.18973,10.23453,7.13485,16.48358,3.68524,13.91615,14.2147,11.64716,8.45716,12.14115,3.14163,3.35444,9.84803,11.05275,2.51503,2.65154,5.03083,16.83914,9.80053,5.56872,3.03866,2.74488,3.66793,2.96237,2.87481,16.34547,3.60482,2.36852,2.2487,11.18383,4.54027,2.57114,5.2983,20.76814,3.03151,2.52297,3.69108,2.56983,4.09917,9.21301,2.80269,8.2452,8.42471,13.43086,2.5015,3.52804,3.14545,3.00981,5.83591,8.99793,3.97809,11.71036,5.11836,2.44088,5.26991,2.69796,3.48648,4.31898,2.27198,3.13745,6.81754,10.41162,7.86441,8.53368,5.25394,4.63331,3.43881,10.19445,2.73955,3.58729,3.15532,3.51623,3.78616,6.44716,4.38629,9.3811,3.21849,4.24881,5.23015,7.72813,3.94395,15.05366,10.3536,3.08822,4.05508,2.25461,4.39232,14.14032,13.08747,4.57618,14.11679,16.58087,18.40816,9.72286,10.66205,6.88981,5.31293,23.41435,14.41549,22.40642,7.12871,6.86079,8.24183,15.46688,11.71724,10.55127,3.55117,5.82448,6.63897,4.58029,6.62329,14.11374,6.07282,3.73061,2.5289,8.75951,3.36632,4.29572,5.2443,5.57104,6.28269,9.90145,5.66464,10.48342
1.0,3.07174,1.98557,3.11926,6.66292,3.41702,16.18941,6.86167,7.06192,13.50129,10.9544,6.7735,7.93644,10.63326,15.30727,5.60523,9.00353,19.6386,41.46842,10.18599,9.04666,16.95915,12.43658,19.52013,8.57281,13.30166,26.92736,11.03121,16.68245,14.9345,20.72571,20.87253,17.34187,10.95072,2.37934,4.69624,4.60193,12.27145,2.45157,2.38452,3.75421,16.47632,1.94606,2.53295,1.52091,1.99505,15.00347,2.50485,4.99278,3.93499,5.56976,14.17689,4.33432,9.68306,7.3646,6.90641,8.26622,2.30685,4.06957,3.32197,4.3475,7.69282,8.60999,8.30746,12.48684,3.83577,6.46288,9.22678,10.49604,2.88657,2.86601,7.31263,10.42066,12.06482,5.44143,4.42354,5.635,6.99856,12.29295,8.82072,6.20918,18.82314,19.43955,3.34457,6.43591,3.87526,3.83199,2.01024,17.84616,7.41444,8.17443,7.74667,6.4031,4.44616,8.44483,18.60218,11.66828,13.71562,2.23097,2.88765,3.86155,3.15837,14.92313,19.44634,13.94346,12.2207,19.49438,22.59451,13.37397,4.89387,13.15624,21.51631,17.08569,14.23629,12.67575,3.57027,10.98102,7.49166,12.13592,3.04999,8.00125,18.83864,16.89017,12.66442,14.98081,3.22852,2.40491,8.81772,16.0993,3.06534,2.21745,5.99377,16.17688,9.39605,4.98293,3.36847,2.75601,2.91791,4.65935,2.74575,15.75773,4.48938,2.51902,2.82205,9.77668,4.15415,3.38834,5.02922,37.65809,3.0109,2.56469,2.74856,2.46769,4.12602,12.27119,3.16708,6.05601,7.40265,12.97982,2.88599,3.70576,3.03466,3.90668,4.52617,8.4316,4.98276,7.87663,4.64016,2.24101,6.14664,2.93399,3.179,5.38243,3.01997,2.94537,6.84495,6.7591,6.40335,7.3305,4.80055,5.29796,5.82721,13.05839,2.58147,3.11863,2.90138,2.58412,2.31349,4.42791,5.13099,6.58677,2.83808,4.05655,6.05869,8.03183,4.4093,13.3591,15.44045,3.79834,5.02368,2.73485,7.41245,10.14318,10.21521,4.82015,12.12837,13.64794,17.99587,10.14125,14.26283,10.43886,6.60349,13.80008,13.56394,27.19751,6.43076,7.75986,8.32515,8.04022,13.79531,14.18215,8.71665,6.78627,6.6889,6.71668,6.25928,8.75075,6.05301,2.73024,3.05001,9.07042,2.97842,4.19691,4.20219,2.77972,5.34015,10.98179,6.94274,9.61326
1.25,3.04293,2.1198,3.17632,7.43033,3.62485,15.58481,6.94683,7.94909,13.58803,10.99457,8.20255,9.144,11.05348,16.18696,5.72434,8.34341,20.44941,50.40747,11.34888,10.27836,19.94259,12.73747,20.34614,10.28644,14.71418,28.67732,12.34156,17.53351,16.83826,30.45041,18.5564,12.56026,11.15024,2.72111,5.3727,5.33675,13.84552,2.86406,2.44283,4.17671,19.87497,2.16407,2.98009,1.60469,2.33123,17.19027,2.67425,5.23131,4.05992,6.44625,15.45451,4.03246,13.47889,7.35669,7.44157,7.62361,2.31728,4.33232,3.79509,4.57507,7.98369,9.29629,9.35481,7.56448,4.03783,7.05427,8.61623,10.59352,2.64339,3.2104,9.00935,9.37535,16.41318,6.38898,4.83942,6.56683,8.41847,14.84651,8.82759,6.06539,12.92964,23.44733,3.53158,8.64444,4.08625,3.81359,2.43091,18.99594,8.49909,9.08199,8.02463,7.16565,4.13179,9.72962,21.70526,12.46836,15.7805,2.36629,2.67292,4.54229,3.52864,17.06088,24.18315,13.72111,11.95698,18.91546,22.00362,16.43536,5.31213,14.74666,22.22177,17.73174,13.55542,13.54689,3.73311,8.46347,8.55227,15.15856,3.74356,8.81139,26.58575,17.47696,11.76054,15.74108,3.73269,2.70522,9.72051,18.36313,3.41086,2.15289,7.39137,19.55947,9.86795,5.07898,3.92241,3.22051,3.08347,4.79691,3.11596,16.18981,5.41134,2.39007,2.80059,8.67489,4.59246,3.35908,5.17063,31.58021,3.26013,3.04824,2.80386,2.67058,4.1706,12.6651,3.14018,5.94259,8.60404,14.21732,3.24993,3.64197,3.20787,3.35566,3.68729,8.53707,5.25075,7.82495,5.88427,2.64405,7.20917,3.28872,3.10363,6.30944,2.89125,3.17706,7.04809,6.13652,7.11087,7.41357,4.97738,6.80661,7.02474,16.92778,2.84743,3.62875,3.03936,2.52055,2.28318,5.14115,5.34091,7.58508,2.88635,4.23918,5.53049,8.23117,4.40929,14.51777,23.30429,4.42531,6.39466,2.93954,7.33586,10.76799,11.04142,5.1013,13.5124,17.34902,22.37804,9.61635,17.00254,11.30191,7.31504,15.89628,16.482,32.26016,6.6971,6.72552,9.69948,9.10787,13.5951,14.63666,7.50916,8.40377,8.74229,7.50488,7.20677,9.69884,6.76882,3.20336,2.99028,11.00334,3.43775,4.49528,4.11142,2.98417,5.87973,10.78104,7.57273,11.34198
1.5,3.17799,2.10782,3.30953,6.56476,3.53546,18.96596,6.24887,9.89472,16.38896,11.59331,7.32297,8.51949,10.79397,15.80737,5.73501,8.79598,24.08696,45.2676,10.73365,8.2116,19.06147,12.96621,15.06265,8.58055,17.27951,34.76187,10.14885,13.7317,15.37267,33.85069,23.2907,14.72039,8.39075,2.94725,4.9928,5.55951,20.42344,2.98433,2.71728,4.77735,27.63366,2.38995,3.15854,1.64721,2.6292,16.49928,3.13901,5.3436,4.82975,6.72312,16.39762,3.97551,17.9312,9.68889,7.18321,9.37965,2.48225,4.72744,3.87817,4.89886,10.4437,11.09092,10.99403,7.6097,4.03769,7.56553,8.94648,8.56194,2.56134,3.38087,10.86468,9.84739,20.71437,6.95765,5.02357,6.22233,10.1477,15.1623,9.92537,6.76163,11.37445,21.02465,4.70194,6.55831,4.2791,3.99756,2.55749,19.73093,8.92929,9.48332,8.62546,8.37011,3.6067,12.19699,26.00608,12.83074,23.75392,2.1446,2.85399,4.87868,4.04104,17.39811,33.0236,15.75493,12.72516,19.67495,17.93587,17.14903,4.88253,16.26892,19.23389,15.41909,12.91682,15.87635,3.79322,11.06354,8.44261,15.31703,4.13836,10.62827,21.66997,15.9678,9.91387,17.79337,4.03052,2.62714,9.17822,22.01058,3.6348,1.84155,8.8219,25.20495,11.4452,4.64313,4.10885,3.32067,3.28861,5.91952,3.08954,14.18625,6.08605,2.29146,2.6029,8.83126,4.6602,3.68949,5.26392,30.64244,3.60269,3.03228,2.92714,2.92355,3.80941,13.78059,2.78726,6.27076,8.15286,13.19377,3.15143,3.5442,3.18661,3.37827,4.23245,10.55429,5.66926,7.72774,7.1018,3.03035,8.13455,3.79172,3.46787,7.25046,2.1561,3.0043,7.22949,6.81464,5.86933,6.20338,5.65241,9.84965,6.56911,17.99727,2.98709,3.72988,3.03094,2.92112,2.48399,6.19151,6.07361,8.97381,2.59632,4.8935,5.36991,8.83366,6.03417,14.97773,21.93725,4.31411,6.509,3.07139,8.03773,11.36512,12.04616,5.20639,14.95044,19.56235,21.21515,10.87036,19.61408,11.57672,8.34424,15.77095,18.22292,31.15239,7.09294,7.89231,8.67813,8.15783,16.41028,17.45719,7.00158,8.81256,8.73175,7.44809,7.48943,10.99718,7.96713,3.76795,2.68697,12.15256,3.20902,4.35116,4.10755,2.7604,6.35574,12.9863,7.81802,8.57532
1.75,3.13653,2.00726,3.60272,8.02374,3.37461,19.30925,6.422,8.9389,17.47539,11.96502,14.02832,9.4959,9.89449,15.99575,5.76379,11.41894,25.9182,44.71188,10.62867,8.30279,13.77391,12.84295,10.65377,8.53086,20.55774,25.53111,8.76816,15.42753,13.49515,41.91977,26.87269,11.04979,7.24078,3.30252,4.83783,5.97856,22.67832,2.30496,2.88717,4.72729,30.38836,2.57798,3.40751,1.82083,3.06102,17.49091,3.28732,5.25925,4.54657,5.65049,20.39405,4.1498,21.72935,11.03869,6.39146,11.70595,2.38401,5.00585,3.34259,5.3263,8.10398,12.73187,12.68465,7.94298,4.10808,7.72414,11.14725,9.97849,2.33063,3.25501,12.5927,10.29553,28.55033,7.90283,4.84261,6.2168,9.87721,16.95465,7.56982,5.63483,9.12579,26.29647,3.80147,4.03808,4.77967,3.96466,2.50893,20.1599,7.5402,10.78858,8.65476,7.57674,5.40605,13.40009,26.48587,13.83014,26.03561,2.20369,3.10944,6.37512,4.0627,20.68562,37.43637,16.56844,14.75811,22.15174,12.44805,16.17323,5.09031,16.04868,13.22538,18.77641,10.86413,16.32209,4.05341,6.56596,8.87843,18.17327,4.90063,11.05293,26.02637,16.80488,10.08925,17.29456,3.44201,2.39099,9.59168,23.62316,3.48723,1.69353,9.69885,23.438,10.24985,4.58347,3.64478,3.49921,3.19017,6.67245,3.01976,15.86766,6.57366,2.32802,2.83019,12.76064,4.2509,4.10844,5.20781,49.59246,3.52092,3.48427,3.10354,3.44239,3.92018,14.42426,2.91986,7.10489,8.53114,12.19461,3.55924,3.48186,3.1517,3.83737,3.88081,10.7836,5.4337,8.23687,8.95749,3.27769,8.97797,3.63714,4.00754,8.49616,1.91068,3.04109,8.07573,7.80689,6.28142,7.72249,6.40401,12.09146,5.94351,21.41541,2.94902,4.03703,3.30007,3.64848,2.46685,6.73926,7.11481,8.81437,2.68246,5.1005,4.67979,11.35211,5.79142,13.91183,20.29912,4.9673,6.6203,3.14978,7.06383,12.71983,12.64515,5.46104,13.99195,21.22639,24.45108,10.68508,22.75015,8.55691,8.11977,14.86137,19.73558,29.65815,6.39772,6.1367,9.40289,8.47511,18.67381,11.02648,8.68431,11.47703,12.58114,7.56985,8.69933,11.10021,7.84424,3.89904,1.50874,12.32782,3.66428,4.32455,3.60361,2.93006,5.89079,14.49809,9.58,8.37264
2.0,2.63139,1.75749,4.40842,9.31615,3.51745,15.35611,6.1703,9.89326,16.78379,6.53488,13.64732,10.93409,7.50803,17.05389,6.6447,9.93036,29.86289,43.24632,13.12883,9.77964,9.2344,16.00327,3.50388,9.06309,18.9158,30.61587,8.29891,14.7513,12.65155,49.65366,28.52935,8.47356,9.21486,3.69307,5.06692,6.63629,32.14638,2.08203,2.64407,5.45618,29.99354,3.17728,3.44949,1.90124,3.38177,19.03558,3.74059,5.75498,4.62652,6.84481,17.31002,4.29742,23.89737,12.79752,8.92354,17.07478,2.20871,5.1729,2.55782,4.89197,9.31486,13.41195,18.24765,2.82355,3.21954,8.33502,13.70984,9.35389,2.1026,3.7931,10.48765,9.47703,34.79036,8.21224,5.22105,6.9467,10.14556,16.09919,5.98578,4.73603,7.30069,19.81073,5.12382,4.14288,5.76882,3.78221,2.61339,19.40562,5.93459,10.6374,7.14044,8.03069,5.37967,14.85053,23.13673,17.31708,32.15843,2.43929,2.8615,6.85986,4.95509,21.1789,36.87707,18.89454,12.25802,20.41767,9.73514,18.09801,3.44874,15.68482,9.62446,25.92623,11.74099,3.76123,4.20026,6.95291,6.74748,16.55902,6.11272,7.21214,31.23079,10.59258,9.08458,16.22301,4.01958,2.5475,10.80839,21.81095,3.68294,1.87559,10.48193,23.00325,13.78336,3.73196,3.24964,3.5972,2.93775,7.12148,3.2263,16.74923,7.96682,2.3791,2.68083,10.57605,5.30377,4.17093,5.19455,48.73104,3.84443,4.16438,2.5976,3.38175,3.62325,14.82103,2.8514,8.82253,9.30876,12.31353,3.70989,3.72594,3.47911,3.40628,3.86268,12.8635,5.1552,8.43549,10.18992,3.74878,11.40264,4.00838,4.33508,10.23546,1.84887,3.35235,8.84756,6.62075,5.49156,8.73333,5.74125,11.47113,4.62157,19.16156,3.36646,4.06291,3.53793,3.87927,2.26021,9.04186,7.8492,9.19597,3.00327,4.18326,3.88474,12.48387,6.92454,12.50292,23.42308,5.60832,8.1729,3.21939,7.89579,12.25603,10.78305,4.83044,14.37451,20.96631,28.80704,10.75938,27.20927,6.02176,6.46554,15.69703,20.05708,32.86552,7.10416,4.4262,9.6488,9.75957,22.59316,11.05604,10.88262,9.33274,9.78579,4.3796,8.58888,9.56082,5.06304,3.90234,1.32503,11.18879,4.12275,4.46278,3.56431,2.9539,5.55305,11.5363,11.11411,10.14331
2.25,2.76814,1.81582,4.55672,5.23083,3.89346,17.64746,7.62231,8.74312,16.2101,3.40354,15.94191,14.00615,6.41887,3.14051,7.62249,9.94059,46.87914,56.58061,11.98422,11.20691,9.98084,15.731,3.50388,9.06309,21.54544,33.19759,7.0675,14.20854,6.36223,55.80528,28.52935,6.922,9.51121,4.22418,5.67017,5.28632,43.25384,2.23666,2.60724,5.42031,29.73485,3.25538,3.96079,2.02681,3.5362,18.18559,3.82483,6.51572,4.80483,7.46564,13.86859,3.17981,30.90975,15.84253,6.48638,15.80324,2.3636,5.70631,2.40843,5.91036,9.07508,13.99242,13.70932,2.86653,2.71833,11.44034,16.97844,8.17262,2.04712,4.007,10.13917,8.04895,34.11817,9.47867,2.69283,7.22701,9.32291,25.65182,7.89622,4.59681,8.7914,19.04593,5.3782,3.87709,6.70302,3.6164,2.3167,14.93027,5.89055,14.12198,6.30616,6.26235,7.26277,19.30406,28.23419,18.68698,32.12952,2.3608,3.0149,8.27182,4.42893,18.25505,35.2863,38.08572,9.33188,21.13331,3.76759,11.1278,2.96233,16.47933,13.2026,8.0153,14.63268,1.11355,5.28231,6.73297,6.11514,16.55902,5.22596,5.30491,37.10549,10.82428,10.29505,17.39525,4.24943,2.48006,9.29257,17.47382,3.38934,1.85616,11.11748,27.6524,17.49962,3.74077,3.48922,3.36259,2.97037,7.10467,3.55282,15.88383,6.3914,2.43265,2.56033,9.27262,5.93119,3.24814,5.0171,48.14395,4.3489,4.15775,2.92209,4.13168,4.04721,13.42422,2.89472,9.2998,10.76158,12.50413,3.53958,3.93446,3.9099,3.72338,4.296,14.89866,5.81488,7.98069,9.64985,4.97671,11.96086,3.67969,4.21401,11.64114,1.87066,2.84196,10.73498,5.60634,6.17913,8.52614,5.09584,12.16913,5.33412,21.0132,3.28531,3.75162,3.18768,3.95846,2.41802,10.26168,8.21092,9.64862,2.73107,3.39341,3.82012,10.11115,6.304,14.16126,25.65195,6.03168,8.69457,3.3558,4.61203,13.97778,10.34118,4.04873,11.96204,22.00921,28.36264,9.90545,27.545,5.96898,5.81781,18.91333,18.41705,32.86552,8.41024,4.84617,11.51313,12.02703,19.25727,17.19664,12.90975,7.51672,10.54958,5.26696,9.57109,0.33665,5.70749,3.46264,1.53986,13.91513,4.11299,5.21087,3.88824,3.32703,3.52698,11.5065,10.33438,9.1061
2.5,2.71304,1.76586,4.71315,5.64065,4.71393,11.72857,4.03202,7.60608,16.38067,4.19832,15.87008,12.07926,4.58273,1.13824,5.65225,11.48374,46.8253,56.58061,11.98421,10.61125,17.89543,17.24218,4.20158,14.79885,21.82493,20.91978,6.02492,8.21973,4.85934,49.94978,46.70118,6.70324,9.90505,5.02599,4.13004,5.63415,27.05684,2.20828,1.7303,5.34071,29.08722,3.94245,3.98975,2.11869,3.24596,22.58461,3.91958,8.40268,5.06826,6.78901,24.1842,2.93025,34.78767,18.7096,7.74094,20.59993,2.3092,5.7726,2.38792,5.77804,11.88824,14.83634,13.03425,1.22796,2.48765,10.73622,17.98788,5.62255,2.06564,4.80353,11.46587,4.13357,41.78098,11.98471,2.13417,8.67466,7.95904,3.4387,7.76459,6.39553,11.78883,19.01843,7.18099,3.89152,4.95043,3.41635,2.96911,16.75478,4.86378,11.98182,6.05474,5.07535,11.88308,21.08099,9.66286,20.96035,35.4272,2.81156,2.5158,8.57052,5.06052,18.06716,0.19737,9.71505,9.9877,25.04021,7.49829,12.3225,1.91279,11.55155,14.97341,8.0153,10.51784,0.97422,4.94188,8.04927,4.18298,21.82704,5.50074,6.86796,26.83976,6.51243,2.62899,17.15728,4.29285,2.49769,11.98064,23.23759,3.47848,1.65716,11.65971,27.65231,15.1151,4.57198,4.14307,4.45746,3.03002,8.63421,3.9155,18.95638,7.4928,2.81824,3.01301,6.27974,7.75863,3.07193,2.81807,46.41541,4.67385,3.72334,2.321,3.84433,4.32211,14.23333,2.84598,10.99806,10.39622,13.48326,3.5415,3.15517,4.33468,3.78477,3.72172,15.90517,5.32531,7.8591,10.26436,5.46181,10.55893,3.08992,3.69813,1.45103,2.06583,2.23533,13.59914,5.59289,5.28082,9.03118,5.38907,18.2322,5.86823,22.11989,3.31923,3.7223,2.47882,4.80624,2.44279,11.89985,3.37643,10.3104,2.03248,3.83028,3.96048,12.19845,7.74978,14.2109,25.55408,5.27072,10.36061,3.1187,4.61528,13.57626,13.09704,3.70078,14.42745,25.63131,26.4903,5.49546,7.74374,6.07745,6.02235,26.36519,10.62219,32.01402,10.32472,4.16655,11.8496,9.22295,23.14581,16.85055,3.01972,7.70546,13.90103,5.45263,9.51237,0.33665,5.62396,3.85063,1.66678,13.0266,3.79665,4.31272,2.75774,1.9885,4.00292,13.08444,16.15952,5.08877
2.75,2.7197,1.59669,3.15382,5.24007,6.1269,11.62534,5.40456,7.24347,19.44452,4.59022,29.51476,4.9956,4.58273,1.13824,6.2218,14.60612,29.9166,56.58061,4.20581,6.0941,17.89543,17.24218,4.16165,14.74479,14.25767,13.62646,5.32254,8.21973,9.51967,49.94978,10.05978,8.1875,9.38757,5.09946,3.39705,6.43034,0.0,2.25297,2.18503,4.44771,33.73707,4.66915,4.43592,2.28555,3.46443,23.59308,3.87121,11.13148,4.65181,7.41798,24.11636,2.58376,22.58602,21.8511,7.34939,20.5999,2.23126,6.44056,2.14271,4.94496,13.51811,11.78943,5.03984,1.22796,2.97876,15.87724,6.86257,3.68601,2.06514,5.56933,11.43363,0.0,38.48582,9.11666,2.61735,3.23346,4.9949,3.43869,8.85156,3.17873,10.08593,14.85342,8.41203,4.50716,5.3257,3.15202,1.48329,18.24552,4.37402,14.33813,4.67419,2.36825,11.88308,34.8175,9.66286,30.40829,35.36751,2.61905,2.95365,9.21506,6.32239,19.54311,0.19737,9.71505,10.91611,22.46728,0.0,12.20944,1.06531,11.48092,14.97341,1.74927,13.25672,0.97422,1.6868,1.65882,3.00258,11.44044,4.98071,2.14706,45.51608,6.51243,1.96667,17.11767,4.64387,2.44455,8.19733,23.15678,4.37308,1.71257,11.65967,0.0,15.53212,3.78591,3.68591,3.7784,2.60851,8.67298,2.15251,21.22715,8.10324,2.82009,2.87243,0.0,8.16454,2.28606,3.09501,33.76658,3.41506,3.92579,2.21121,5.22343,5.55952,14.66912,3.32861,6.90368,8.79511,7.98407,3.98303,3.11827,4.28439,2.84887,4.89824,20.87896,8.10437,7.85909,11.44899,5.7882,11.07935,3.01442,3.01518,1.42732,2.77391,2.38578,17.80516,5.74098,5.58611,9.7955,4.65479,21.92729,3.8447,25.24256,3.25948,3.62544,2.68646,6.67258,2.62025,10.63084,0.77886,11.39845,2.2149,4.26921,4.0576,17.6987,7.74977,14.53326,24.71743,4.46978,12.80254,3.06366,6.32685,11.49904,10.29126,4.82124,12.38571,27.56003,38.85184,6.74591,7.74374,1.92561,5.28593,30.18478,0.60019,32.01402,5.94662,4.16654,6.04532,8.43555,10.47507,9.14646,3.73022,8.90678,7.85324,1.97154,10.4886,0.0,5.73384,4.25523,1.66676,15.92538,4.6322,3.59448,3.1659,2.2155,3.35528,3.4704,24.23746,4.83598
3.0,1.94286,1.23032,2.93271,7.80547,7.07241,8.76754,1.34688,9.23541,16.76456,4.59022,29.51476,4.71358,3.7418,1.13824,3.84814,8.66417,26.99682,56.58061,0.15105,2.19296,6.80855,5.94635,5.9129,0.0,4.6743,13.62646,1.96643,1.17084,17.35394,49.94978,10.05978,8.55874,0.0,5.21116,2.70273,5.61063,0.0,2.46397,2.25652,3.6801,33.71802,5.6897,4.8026,2.61545,3.42973,10.92102,3.41195,15.6801,2.79245,4.13322,14.2414,1.62983,30.37977,28.03926,0.0,12.32268,2.46848,6.43804,2.08839,4.81511,15.7354,1.41297,2.11283,1.29337,1.06976,13.51874,7.17182,2.31168,1.59074,7.08294,11.44391,0.0,33.42998,9.78766,2.89604,2.27288,4.98531,5.50122,2.64646,3.15913,6.62908,14.85342,4.15992,4.35223,4.92382,2.98861,1.68369,23.11556,4.54869,25.09282,4.46541,2.9549,11.88306,6.6404,0.16461,0.92677,34.75493,3.37511,4.03953,11.52872,6.70632,22.69947,0.19737,0.0,6.59935,20.07533,0.0,24.04708,0.70413,11.1169,0.0,1.68672,15.53099,0.97422,2.03971,1.65882,3.00258,0.0,7.46897,0.0,37.71731,2.83254,0.2451,16.67789,5.76566,1.57494,7.58523,19.86091,4.07949,1.8386,10.4443,0.0,14.77151,3.69398,3.80978,3.55588,3.28148,9.51861,2.7102,21.22709,7.37756,2.80342,2.50263,0.0,8.7536,2.69954,3.15548,19.83993,3.3508,4.54268,1.60925,6.01448,4.43268,17.75898,3.69709,6.91448,8.79133,0.0,3.33449,1.8208,3.83763,2.53535,4.85488,18.88944,5.16048,9.16465,18.44961,7.46619,11.02123,3.02952,3.08484,1.69221,2.25685,2.53246,14.13761,3.42659,6.10285,10.17547,4.53815,21.91291,2.82665,23.13235,2.92692,3.24472,2.51583,7.3298,3.03751,8.42964,0.31438,16.95185,1.64194,3.91209,1.37297,17.6987,10.33288,9.5864,32.83919,4.65491,32.06316,3.26966,7.70495,10.4259,11.71675,4.9643,22.51009,32.19999,31.15697,6.74591,7.46425,2.3929,3.81534,60.96331,0.24896,32.01402,1.89396,2.59324,4.83165,1.24704,10.3078,0.37572,1.76348,5.75393,10.45848,1.70939,7.06519,0.0,5.47968,4.45097,1.96224,12.44214,3.46229,4.33845,2.09774,1.56239,3.35528,3.46821,40.76035,3.9497
3.25,1.35899,0.95075,3.28371,9.89866,10.58347,8.75708,1.34688,10.53989,20.03025,5.17376,29.51476,2.3509,4.23385,1.13037,3.84814,6.82099,0.1532,56.58061,0.15104,3.51122,6.80855,2.00939,5.91289,0.0,4.6743,11.15739,2.48478,0.4158,17.35394,49.94978,10.05978,8.55874,0.0,5.6828,3.4379,6.31241,0.0,2.53335,2.50167,4.12477,29.26082,5.97727,5.62586,2.93965,3.02035,10.91174,3.18206,15.4046,1.32151,4.0329,14.2414,0.85965,30.37977,6.83116,0.0,12.32255,2.0659,5.70306,2.11508,2.64805,21.84155,1.86745,0.0,1.19721,1.20636,10.86711,9.23323,2.31168,1.3143,6.59986,1.60974,0.0,32.82276,9.77867,2.89604,2.55212,6.33967,5.50122,0.28534,3.15913,6.62907,20.85336,2.31087,4.57814,2.72022,3.71944,1.69025,23.11556,4.90318,0.0,4.45371,3.89362,1.69406,0.71009,0.16461,1.1296,49.09131,2.62546,3.59078,13.77603,6.05722,22.69947,0.19737,0.0,0.11349,8.25034,0.0,24.04708,0.45988,10.16926,0.0,0.09329,0.54122,0.97422,2.05503,0.63964,2.99825,0.0,6.71368,0.0,37.71731,2.83253,0.2451,16.52346,6.13958,1.64866,9.75918,19.30465,5.04278,1.94266,11.68904,0.0,0.0,3.98252,4.04127,3.73014,1.84819,10.912,3.43507,0.0,7.94759,2.57383,2.96238,0.0,4.02749,2.71871,2.34104,0.0,3.5288,3.25712,1.33724,3.11686,7.37273,15.86669,4.59635,6.91448,7.81586,0.0,4.48607,1.92961,1.36339,2.61338,6.04916,13.70313,5.16048,11.52824,13.88941,7.45321,12.80218,2.70666,2.68116,1.69221,3.59186,3.24429,13.62685,3.42659,5.96463,16.32292,3.28906,13.18585,2.80031,30.27492,3.89543,4.85089,2.05076,7.83841,3.03751,11.52721,0.31438,16.95185,1.35131,3.1666,0.87074,27.52268,10.28705,9.53011,38.33314,4.68852,32.06316,2.64461,8.1517,8.03752,14.62329,8.048,25.02466,32.19999,0.0,6.74591,7.42208,2.3929,3.8222,1.16649,0.0,32.01394,1.35576,2.09988,5.8903,0.47865,10.02245,0.0,1.21693,7.55165,5.3112,2.23106,7.06519,0.0,5.47967,4.97383,2.31936,12.41969,3.8169,5.85876,2.56179,1.53034,3.50467,5.1734,40.76034,3.9497
3.5,1.21604,0.99916,3.2837,5.50237,14.48626,9.35234,1.33472,11.32156,13.31877,5.17276,29.51476,0.785,4.23384,1.13037,3.84814,6.82099,0.15319,56.58061,0.19956,1.68231,6.80855,2.67198,5.91289,0.0,4.6743,11.15739,2.48478,0.4158,17.35394,0.0,10.05978,7.48278,0.0,9.0634,3.15305,5.1989,0.0,2.36049,2.58788,2.17495,29.26082,6.50042,5.20752,2.86198,2.7774,0.92484,5.37302,15.4046,1.10309,4.0329,0.0,0.96818,30.37977,6.83115,0.0,12.32251,1.95946,5.37205,2.41213,2.64804,21.84155,2.76307,0.0,1.34787,1.20635,9.50644,12.74976,2.31168,0.88444,12.51848,1.60973,0.0,50.09447,9.31378,2.89604,2.97266,7.98183,0.0,0.35454,1.90965,6.60795,0.37325,2.31083,5.02604,3.52674,6.06266,0.96805,29.84839,9.0207,0.0,4.45371,3.89362,1.69406,0.71008,0.16461,0.0,6.16646,2.02512,1.99284,0.0,6.91204,22.69947,0.19737,0.0,0.11349,8.25034,0.0,47.47516,0.45988,14.45515,0.0,0.0,0.54121,0.7756,1.51612,0.63964,4.18179,0.0,7.69753,0.0,0.0,2.83253,0.2451,21.78934,4.4923,1.57986,2.3883,0.0,5.66726,1.95963,13.24272,0.0,0.0,3.98251,4.28687,3.08903,1.60838,13.70709,3.38082,0.0,5.20504,2.93125,3.17566,0.0,4.01853,2.67776,2.18365,0.0,2.18382,3.46697,1.33724,0.62855,7.39808,31.00998,5.34396,6.91448,7.93769,0.0,5.54989,1.95853,1.23234,2.96539,8.34331,0.0,5.0184,8.40215,20.15329,7.60257,5.95446,2.45343,2.40036,2.57755,3.59186,3.15564,13.11854,3.41875,5.73631,16.32292,3.27832,16.77537,2.80031,30.27491,4.36433,5.60223,1.92894,8.13537,3.5888,3.23071,0.10028,33.67298,0.82987,3.0847,0.87074,22.22075,10.28702,8.69102,38.33314,4.96749,0.0,2.25559,8.1517,5.43613,14.62329,12.50618,0.0,42.19165,0.0,5.34584,9.48021,2.37791,4.15573,0.0,0.0,32.01394,1.24747,0.54121,1.26326,0.47864,21.14821,0.0,0.80132,2.07179,5.3112,2.23106,7.06518,0.0,5.47966,5.11033,2.31935,11.7283,2.34174,6.16945,2.02264,1.74544,2.97583,6.41915,40.76034,3.9497
3.75,2.61031,1.03619,1.80222,0.81179,14.48626,9.27261,1.33471,11.18889,12.43393,2.53079,29.51476,0.0,3.2068,1.13037,3.84659,0.89823,0.15319,56.58061,0.19956,1.68231,0.0,2.67198,5.91289,0.0,4.6743,11.15368,3.64772,0.4158,17.35394,0.0,0.0,14.80102,0.0,12.07745,3.15305,4.92445,0.0,2.65456,2.55884,1.74007,29.26082,7.10413,4.68178,2.83493,2.77738,0.89086,0.0,15.4046,1.10309,5.71216,0.0,0.96817,12.13084,0.18431,0.0,21.47841,2.08725,5.04941,2.09001,2.84998,21.84155,0.0,0.0,1.33941,1.11451,9.50644,12.74976,2.31168,0.71123,0.0,1.60973,0.0,43.77498,13.38857,2.8945,0.33829,5.28854,0.0,0.18373,1.90965,13.17079,0.37325,2.31082,4.96562,4.65135,0.0,0.0,0.13617,9.0207,0.0,5.2108,3.89362,1.69406,0.71008,0.16461,0.0,2.20241,0.76448,1.99284,0.0,6.68325,0.0,0.0,0.0,0.06648,8.25034,0.0,0.0,0.17356,13.06747,0.0,0.0,0.54121,0.7756,1.49587,0.79149,4.18179,0.0,7.30901,0.0,0.0,2.83253,0.2451,0.0,5.57611,1.19144,2.35918,0.0,5.07227,1.79669,12.07085,0.0,0.0,0.0,3.8566,2.91952,1.83841,13.70709,3.04213,0.0,6.16455,4.55596,5.38513,0.0,4.01853,2.92067,3.76967,0.0,2.34445,3.46697,1.45605,0.62855,7.37802,30.39567,5.33651,6.91448,7.79162,0.0,5.54574,2.16355,1.23234,2.74719,8.34331,0.0,5.0184,8.40215,0.0,6.9735,8.40782,2.28847,2.11328,2.57755,3.59185,3.23167,14.92223,3.63576,5.66951,16.8822,3.38598,0.0,3.38392,0.0,2.84273,9.57532,2.95107,9.34911,3.28724,3.23071,0.10028,33.67298,0.82986,3.06258,0.87074,22.22075,15.0854,6.60089,38.33314,1.10011,0.0,2.25124,4.24998,5.43612,14.61582,12.50617,0.0,42.19165,0.0,5.34274,9.46967,2.37791,4.4382,0.0,0.0,31.77011,1.23677,0.54121,0.06372,0.47864,0.0,0.0,0.80132,2.07179,5.31119,2.23106,8.72409,0.0,5.47966,4.49126,2.31934,8.38767,1.25216,3.88036,1.76245,1.73926,0.92911,8.43622,40.76033,3.9497
4.0,2.6103,0.62271,0.0,0.77579,1.23438,0.11534,1.95741,11.18889,12.43393,0.95104,29.51476,0.0,3.2068,2.21253,3.8244,0.89823,0.0,56.5806,0.19956,1.68231,0.0,1.30645,0.0,0.0,0.0,16.35951,0.13355,0.4158,0.0,0.0,0.0,14.80102,0.0,12.05608,4.29474,4.92444,0.0,2.7156,2.86953,1.13646,29.26082,7.07986,2.65001,2.00041,2.89953,0.11263,0.0,0.7831,0.95858,10.5628,0.0,0.96817,12.13084,0.18431,0.0,21.47838,1.79004,6.04132,2.09001,3.44208,26.20856,0.0,0.0,1.33941,1.08925,9.50644,12.74976,3.61583,0.8356,0.0,1.3675,0.0,0.0,12.86946,3.16776,0.33829,5.28854,0.0,0.18373,1.90965,0.0,0.37325,2.31082,6.31064,0.22142,0.0,0.0,0.13617,13.51503,0.0,6.91916,7.64047,1.69406,0.0,0.0,0.0,1.10728,0.76448,1.92104,0.0,7.57496,0.0,0.0,0.0,0.06648,8.21998,0.0,0.0,0.17356,12.96805,0.0,0.0,0.54121,0.17054,1.49587,0.79149,5.18849,0.0,4.70543,0.0,0.0,2.83253,0.2451,0.0,7.07772,0.6223,2.2478,0.0,7.43442,2.88315,11.67922,0.0,0.0,0.0,2.74402,3.39814,1.80588,13.70231,3.34796,0.0,8.1348,6.02215,5.38511,0.0,4.68656,1.73218,2.04573,0.0,2.45252,3.44293,0.0,0.62854,9.69903,29.40263,5.97436,0.5933,0.0,0.0,5.47595,1.81106,1.23234,2.73789,6.98186,0.0,5.0184,8.40215,0.0,8.19427,7.9429,2.61446,0.0,2.57755,3.51419,3.65536,18.46628,2.37362,5.9918,16.74055,3.38598,0.0,4.42265,0.0,3.69024,9.57532,2.95107,10.54801,3.28723,0.6303,0.10028,33.67298,0.82986,3.01797,0.87074,22.22075,6.7825,5.01243,38.33307,1.04413,0.0,2.35404,4.24998,5.43612,14.61582,12.50617,0.0,83.99581,0.0,5.26335,2.97039,1.27227,5.24874,0.0,0.0,31.77011,1.71845,0.54121,0.06372,0.47864,0.0,0.0,0.71536,2.33554,5.31119,2.23104,17.10729,0.0,5.16882,5.52995,2.44757,0.0,1.14298,2.96461,1.76245,1.72885,0.92911,5.47448,0.0,3.90046
4.25,2.6103,0.60872,0.0,0.0,1.23438,0.11534,1.9574,3.84711,7.1973,0.30404,29.51476,0.0,3.2068,2.21253,5.03212,0.84119,0.0,0.26019,0.25616,1.58479,0.0,1.30645,0.0,0.0,0.0,27.73009,0.0,0.4158,0.0,0.0,0.0,14.80102,0.0,11.99525,4.29474,5.47147,0.0,2.58903,2.99631,2.07299,29.26055,8.31088,3.62301,1.39913,4.33749,0.11263,0.0,0.7831,0.82095,10.5628,0.0,1.19533,0.0,0.18431,0.0,0.0,2.50806,6.79686,2.08462,3.84978,19.1863,0.0,0.0,1.3394,1.08505,7.33156,12.74976,3.61583,0.74929,0.0,1.3675,0.0,0.0,1.14387,2.271,0.10848,3.03683,0.0,0.18373,1.90965,0.0,0.37325,2.07917,0.0,0.2108,0.0,0.0,0.0,9.30684,0.0,2.69731,7.64047,1.30533,0.0,0.0,0.0,1.10727,0.76447,2.35417,0.0,7.57495,0.0,0.0,0.0,0.0,12.2127,0.0,0.0,2e-05,12.89003,0.0,0.0,0.54121,0.0,1.92571,0.79149,5.18849,0.0,4.70543,0.0,0.0,2.70915,0.2451,0.0,7.07772,0.6223,2.18379,0.0,8.17985,2.88315,0.0,0.0,0.0,0.0,2.66557,5.41229,1.78393,13.70231,3.24752,0.0,12.36512,8.93942,3.88644,0.0,5.48649,1.8693,2.04573,0.0,2.67865,4.09137,0.0,0.0,3.5516,0.0,5.57117,0.69925,0.0,0.0,4.09016,2.45182,0.0,3.3935,6.98186,0.0,8.27986,8.40215,0.0,9.22347,0.0,2.81212,0.0,2.57755,3.40119,3.65536,18.46628,2.37362,5.38382,16.74055,3.97582,0.0,4.32473,0.0,5.44471,9.57532,2.95106,10.548,3.2872,0.6303,0.10028,33.67298,0.82985,2.96569,0.87074,22.22075,6.78249,5.01242,35.70936,1.02509,0.0,2.52471,5.14817,5.40973,14.61582,2.44499,0.0,0.0,0.0,0.85505,4.88785,1.67771,5.0858,0.0,0.0,0.0,1.35655,0.54121,0.06372,0.47864,0.0,0.0,0.5472,2.33554,5.31119,1.77537,17.10729,0.0,4.45141,5.43822,2.44757,0.0,1.14298,2.96461,1.76245,2.57792,0.92911,0.0,0.0,5.3483
4.5,2.6103,0.60872,0.0,0.0,0.0,0.11534,0.4867,3.83665,7.19151,0.30404,29.51476,0.0,3.2068,2.21253,5.00978,0.84119,0.0,0.26019,0.25616,1.58478,0.0,1.30645,0.0,0.0,0.0,27.73009,0.0,0.4158,0.0,0.0,0.0,14.80102,0.0,17.99286,4.29474,5.47147,0.0,3.99301,3.3959,0.0,29.26046,8.31087,2.97989,1.53884,3.16739,0.11263,0.0,0.78309,0.82095,10.5628,0.0,1.33209,0.0,0.18431,0.0,0.0,2.86394,7.56299,2.07258,5.25312,12.77222,0.0,0.0,1.6444,1.01232,5.71413,11.89942,3.61583,0.74929,0.0,1.68769,0.0,0.0,0.0,2.70059,0.10848,3.03683,0.0,0.18373,1.90965,0.0,0.37325,2.07917,0.0,0.2108,0.0,0.0,0.0,0.0,0.0,2.69731,7.64047,0.04676,0.0,0.0,0.0,0.66186,0.76447,2.20222,0.0,4.16694,0.0,0.0,0.0,0.0,12.2127,0.0,0.0,2e-05,12.89003,0.0,0.0,0.5412,0.0,0.71168,1.02956,0.48082,0.0,4.32267,0.0,0.0,1.20736,0.24509,0.0,8.2804,0.79597,2.18379,0.0,8.17985,4.31185,0.0,0.0,0.0,0.0,2.62236,0.0,1.76932,17.2043,1.26647,0.0,12.30974,8.93942,3.88643,0.0,6.848,4.31502,2.04573,0.0,2.36687,5.15607,0.0,0.0,3.55159,0.0,5.57117,0.69925,0.0,0.0,4.09016,2.97732,0.0,3.38065,13.48866,0.0,8.27986,7.62148,0.0,10.32842,0.0,2.81217,0.0,2.57755,3.40119,6.78982,15.26542,2.1923,4.67549,23.71312,0.8435,0.0,8.46906,0.0,5.37927,9.57531,3.32219,10.49882,2.76319,0.6303,0.10028,33.67298,0.87445,4.44853,0.87074,0.0,6.78198,5.01242,35.70936,1.02509,0.0,3.07013,5.14817,4.60961,18.04548,2.44499,0.0,0.0,0.0,0.85505,4.88785,0.54581,5.0858,0.0,0.0,0.0,1.35655,0.54121,0.06372,0.47864,0.0,0.0,0.5472,2.33554,5.31119,0.83022,17.10729,0.0,7.77195,6.30191,2.44755,0.0,1.14298,2.50348,2.09518,2.49146,0.76875,0.0,0.0,4.63338
4.75,2.6103,0.67187,0.0,0.0,0.0,0.11534,0.4867,3.83665,1.36954,0.30404,29.51476,0.0,3.15806,2.21253,5.00978,0.82684,0.0,0.26019,0.25616,1.58478,0.0,1.30645,0.0,0.0,0.0,27.73009,0.0,0.41579,0.0,0.0,0.0,14.80102,0.0,2.45843,1.69549,0.0,0.0,6.2269,2.495,0.0,27.36542,8.16787,2.97989,1.69675,3.16738,0.11263,0.0,0.0,0.30755,10.5628,0.0,1.33209,0.0,0.18431,0.0,0.0,2.86394,8.89246,2.03637,5.25312,12.77222,0.0,0.0,1.6444,0.9545,5.71413,11.89942,0.0,0.74466,0.0,1.68769,0.0,0.0,0.0,2.70059,0.10848,3.03683,0.0,0.18373,1.90965,0.0,0.37325,2.07917,0.0,0.0,0.0,0.0,0.0,0.0,0.0,2.69731,7.64047,0.04676,0.0,0.0,0.0,0.66186,0.76442,1.32482,0.0,4.16144,0.0,0.0,0.0,0.0,12.2127,0.0,0.0,2e-05,0.0,0.0,0.0,0.4163,0.0,0.57949,1.54433,0.48082,0.0,4.32262,0.0,0.0,1.20735,0.43997,0.0,3.60582,0.79597,2.18379,0.0,0.32514,4.25971,0.0,0.0,0.0,0.0,2.01069,0.0,2.0334,17.2043,0.62669,0.0,12.91391,8.93941,0.0,0.0,2.19679,4.31501,2.04573,0.0,2.36687,5.15604,0.0,0.0,3.55159,0.0,5.3647,0.69923,0.0,0.0,4.09016,2.94974,0.0,3.35627,13.48866,0.0,8.21909,7.62148,0.0,11.45685,0.0,1.86487,0.0,2.57755,3.40119,7.73675,11.00363,2.1923,4.67193,23.71312,0.84349,0.0,8.46906,0.0,5.29255,9.57531,0.0,10.39279,2.76319,0.6303,0.10028,33.67298,0.72879,4.44853,0.87074,0.0,6.78195,5.01242,35.64713,1.02509,0.0,2.17518,5.14817,0.15252,18.01784,2.44498,0.0,0.0,0.0,0.0,4.88785,0.54581,5.08228,0.0,0.0,0.0,0.0,0.54121,0.0,0.47864,0.0,0.0,0.5472,1.67791,5.31119,0.83022,17.10729,0.0,7.77195,6.30191,2.44755,0.0,1.14298,1.7861,2.67724,2.42486,0.76873,0.0,0.0,4.21442
5.0,0.0,0.64697,0.0,0.0,0.0,0.11534,0.3452,3.83665,1.36954,0.30404,29.51476,0.0,3.15806,2.21253,5.13881,0.82684,0.0,0.05401,0.25616,0.0,0.0,1.30645,0.0,0.0,0.0,27.73009,0.0,0.41579,0.0,0.0,0.0,14.52392,0.0,2.45843,1.69549,0.0,0.0,6.2269,2.94244,0.0,0.0,9.5594,0.0,1.8066,0.0,1e-05,0.0,0.0,0.30755,10.5628,0.0,1.33209,0.0,0.10958,0.0,0.0,2.69071,5.79905,2.48021,5.25312,12.77222,0.0,0.0,1.4784,0.41073,5.71413,11.89942,0.0,0.74347,0.0,1.62152,0.0,0.0,0.0,2.70059,0.10848,0.0,0.0,0.18373,1.90965,0.0,0.37325,2.07917,0.0,0.0,0.0,0.0,0.0,0.0,0.0,2.69731,7.64047,0.04676,0.0,0.0,0.0,0.66186,0.47776,1.32482,0.0,8.92235,0.0,0.0,0.0,0.0,1.40222,0.0,0.0,2e-05,0.0,0.0,0.0,0.0,0.0,0.57949,1.43882,0.48082,0.0,4.32262,0.0,0.0,1.20735,0.43997,0.0,3.60582,1.15048,2.91139,0.0,0.32514,4.25971,0.0,0.0,0.0,0.0,2.36612,0.0,1.83674,17.20429,0.62669,0.0,3.48848,7.79919,0.0,0.0,2.19679,3.70968,2.04573,0.0,2.36687,4.83035,0.0,0.0,3.55158,0.0,5.28371,0.69923,0.0,0.0,4.06911,2.94974,0.0,3.33273,13.48866,0.0,8.21909,7.62148,0.0,15.97281,0.0,2.31842,0.0,2.57755,3.40118,7.73675,10.92637,1.83534,3.16015,0.0,0.84349,0.0,8.38152,0.0,4.80457,9.57531,0.0,16.90529,5.88698,0.6303,0.10028,33.67298,0.5324,4.44853,0.87074,0.0,4.11535,0.0,35.64712,1.02501,0.0,2.17518,5.14817,0.15252,17.97028,0.32502,0.0,0.0,0.0,0.0,0.0,0.0,6.68969,0.0,0.0,0.0,0.0,0.54121,0.0,0.47864,0.0,0.0,0.5472,1.6779,10.1222,0.83021,0.0,0.0,6.96841,6.30191,1.92682,0.0,1.14298,2.37955,2.67724,2.42486,0.76873,0.0,0.0,5.10297
